{"0x7216808": 0.047449, "0x725afd0": 0.047449, "0x7591288": 0.047449, "0x766b750": 0.047449, "0x766ca98": 0.047449, "0x766d3e0": 0.047449, "0x7661870": 0.047449, "0x7668568": 0.047449, "0x766d370": 0.047449, "0x766f788": 0.047449, "0x71994b0": 0.047449, "0x7262480": 0.047449, "0x7267d90": 0.047449, "0x75e79f0": 0.047449, "0x76248e8": 0.047449, "0x7627c88": 0.047449, "0x762b028": 0.047449, "0x762d018": 0.047449, "0x76221a8": 0.047449, "0x7624f38": 0.047449, "0x7628c80": 0.047449, "0x7629830": 0.047449, "0x71ae460": 0.047449, "0x726d2d8": 0.047449, "0x7599580": 0.047449, "0x7645a58": 0.047449, "0x7669130": 0.047449, "0x7675c10": 0.047449, "0x767b1e0": 0.047449, "0x767ea18": 0.047449, "0x767ee40": 0.047449, "0x7678c90": 0.047449, "0x767b968": 0.047449, "0x767b500": 0.047449, "0x767c248": 0.047449, "0x7678d20": 0.047449, "0x767eed0": 0.047449, "0x767b6e8": 0.047449, "0x7670cf0": 0.047449, "0x767b110": 0.047449, "0x719d790": 0.047449, "0x7267da8": 0.047449}