{"0xd021e10": 0.002799, "0xd039078": 0.002799, "0xd035180": 0.002799, "0xd0354c0": 0.002799, "0xd0248f8": 0.002799, "0xd03ea18": 0.002799, "0xd0375f0": 0.002799, "0xd0379d8": 0.002799, "0xd025a28": 0.002799, "0xd03fdb0": 0.002799, "0xd031e10": 0.002799, "0xd0334b0": 0.002799, "0xd0351b0": 0.002799, "0xd024a28": 0.002799, "0xd038868": 0.002799, "0xd030758": 0.002799, "0xd00a040": 0.002799, "0xd015850": 0.002799, "0xd02daf8": 0.002799, "0xd008088": 0.002799, "0xd016a70": 0.002799, "0xd02cf68": 0.002799, "0xd033078": 0.002799, "0xd029f40": 0.002799, "0xd022bb8": 0.002799}